"Company1","user1@yopmail.com","Password1!"
"Company2","user2@yopmail.com","Password2!"
"Company3","user3@yopmail.com","Password3!"
"Company4","user4@yopmail.com","Password4!"
"Company5","user5@yopmail.com","Password5!"
"Company6","user6@yopmail.com","Password6!"
"Company7","user7@yopmail.com","Password7!"
"Company8","user8@yopmail.com","Password8!"
"Company9","user9@yopmail.com","Password9!"
"Company10","user10@yopmail.com","Password10!"
"Company11","user11@yopmail.com","Password11!"
"Company12","user12@yopmail.com","Password12!"
"Company13","user13@yopmail.com","Password13!"
"Company14","user14@yopmail.com","Password14!"
"Company15","user15@yopmail.com","Password15!"
"Company16","user16@yopmail.com","Password16!"
"Company17","user17@yopmail.com","Password17!"
"Company18","user18@yopmail.com","Password18!"
"Company19","user19@yopmail.com","Password19!"
"Company20","user20@yopmail.com","Password20!"
"Company21","user21@yopmail.com","Password21!"
"Company22","user22@yopmail.com","Password22!"
"Company23","user23@yopmail.com","Password23!"
"Company24","user24@yopmail.com","Password24!"
"Company25","user25@yopmail.com","Password25!"
"Company26","user26@yopmail.com","Password26!"
"Company27","user27@yopmail.com","Password27!"
"Company28","user28@yopmail.com","Password28!"
"Company29","user29@yopmail.com","Password29!"
"Company30","user30@yopmail.com","Password30!"
"Company31","user31@yopmail.com","Password31!"
"Company32","user32@yopmail.com","Password32!"
"Company33","user33@yopmail.com","Password33!"
"Company34","user34@yopmail.com","Password34!"
"Company35","user35@yopmail.com","Password35!"
"Company36","user36@yopmail.com","Password36!"
"Company37","user37@yopmail.com","Password37!"
"Company38","user38@yopmail.com","Password38!"
"Company39","user39@yopmail.com","Password39!"
"Company40","user40@yopmail.com","Password40!"
"Company41","user41@yopmail.com","Password41!"
"Company42","user42@yopmail.com","Password42!"
"Company43","user43@yopmail.com","Password43!"
"Company44","user44@yopmail.com","Password44!"
"Company45","user45@yopmail.com","Password45!"
"Company46","user46@yopmail.com","Password46!"
"Company47","user47@yopmail.com","Password47!"
"Company48","user48@yopmail.com","Password48!"
"Company49","user49@yopmail.com","Password49!"
"Company50","user50@yopmail.com","Password50!"
